word,definition,category,example
eloquent,Fluent or persuasive in speaking or writing.,Adjective,She gave an eloquent speech at the event.
benevolent,Well-meaning and kindly.,Adjective,The benevolent old man donated generously to charity.
serendipity,The occurrence of events by chance in a happy way.,Noun,Finding the lost ring was pure serendipity.
ephemeral,Lasting for a very short time.,Adjective,The beauty of the sunset was ephemeral.
cogitate,Think deeply about something.,Verb,He sat quietly to cogitate on his next move.
lucid,Expressed clearly; easy to understand.,Adjective,Her explanation was lucid and easy to follow.
gregarious,Fond of company; sociable.,Adjective,He was a gregarious person who loved social gatherings.
quintessential,Representing the most perfect example of a quality or class.,Adjective,She was the quintessential professional.
zenith,The highest point or peak.,Noun,The athlete reached the zenith of his career.
vociferous,Loud and forceful in speech.,Adjective,The protestors were vociferous in their demands.
